adam_goucher@hotmail.com = Adam Goucher <adam_goucher@hotmail.com>
aduncan = Andy Duncan <aduncan@thoughtworks.com>
ahelleso = Aslak Hellesoy <aslak.hellesoy@gmail.com>
ajaykemparaj@gmail.com = Ajay Kemparaj <ajaykemparaj@gmail.com>
alexber = alexber <alexber@gmail.com>
alexis.j.vuillemin = alexis.j.vuillemin <alexis.j.vuillemin@gmail.com>
amorujao = amorujao <amorujao@example.com>
andras.hatvani = Andras Hatvani <andras.hatvani@gmail.com>
andreastt@opera.com = Andreas Tolf Tolfsen <andreastt@opera.com>
andre.nogueira = andre.nogueira <andre.nogueira@gmail.com> 
barancev = Alexei Barantsev<barancev@gmail.com>
baran.ozgul = Baran Ozgul <baran.ozgul@test.com>
berrada@google.com = Dounia Berrada <berrada@google.com>
bhkwan = bhkwan <bhkwan@example.com>
bob = bob <bob@example.com>
bret = Bret Pettichord <bret@pettichord.com>
dave.hunt = Dave Hunt <dave.hunt@gmail.com>
dave.hunt@gmail.com = Dave Hunt <dave.hunt@gmail.com>
david.burns@theautomatedtester.co.uk = David Burns <david.burns@theautomatedtester.co.uk>
dawagner = Daniel Wagner-Hall <dawagner@gmail.com>
daz = Darrell DeBoer <darrell.deboer@gmail.com>
dcotterill = Darren Cotterill <dcotterill@thoughtworks.com>
ddeboer = Darrell DeBoer <darrell.deboer@gmail.com>
dfabulich = Dan Fabulich <dan@fabulich.com>
dkemp = David Kemp <dkemp@thoughtworks.com>
ebeans = ebeans <ebeans@google.com>
eran.mes = Eran Mes <eran.mes@gmail.com>
eran.mes@gmail.com = Eran Mes <eran.mes@gmail.com>
ericpallen@gmail.com = Eric Allen <ericpallen@gmail.com>
erikbeans = erikbeans <erikbeans@gmail.com>
francois.reynaud = Francois Reynaud <francois.reynaud@gmail.com>
francois.reynaud@gmail.com = Francois Reynaud <francois.reynaud@gmail.com>
gigix = gigix <gigix1980@gmail.com>
gregory.block = Gregory Block <gregory.block@gmail.com>
gyrm = gyrm <hbchai@gmail.com>
hbchai@gmail.com = hbchai@gmail.com <hbchai@gmail.com>
hbchai = hbchai <hbchai@gmail.com>
ifland = ifland <ifland@gmail.com>
james.h.evans.jr@gmail.com = Jim Evans <james.h.evans.jr@gmail.com>
james.h.evans.jr = Jim Evans <james.h.evans.jr@gmail.com>
jari.bakken = Jari Bakken <jari.bakken@gmail.com>
jbevan = Jennifer Bevan <jbevan@google.com>
jennifer.bevan = Jennifer Bevan < jennifer.bevan@gmail.com>
jeremy.herault = Jeremy Herault <jeremy.herault@gmail.com>
Jiayao.Yu = Jiayao Yu <Jiayao.Yu@test.com>
jiayao.yu = Jiayao Yu <jiayao.yu@test.com>
jmleyba@gmail.com = Jason Lebya <jmleyba@gmail.com>
jmleyba = Jason Lebya <jmleyba@gmail.com>
josephg = josephg <josephg@gmail.com>
jrhuggin = Jason Huggins <jrhuggin@example.com>
jrhuggins@gmail.com = Jason Huggins <jrhuggins@gmail.com>
jrhuggins = Jason Huggins <jrhuggins@gmail.com>
julianharty = Julian Harty <julianharty@gmail.com>	
jwang = Jie Tina Wang <jwang@example.com>
kristian.rosenvold@gmail.com = Kristian Rosenvold <kristian.rosenvold@gmail.com>
kristian.rosenvold = Kristian Rosenvold <kristian.rosenvold@gmail.com>
kurniady@gmail.com = kurniady@gmail.com <kurniady@gmail.com>
lhuang = lhuang <lhuang@example.com>
lukec = lukec <lukec@example.com>
luke.semerau@gmail.com = Luke Semerau <luke.semerau@gmail.com>
mdub = Mike Williams <mdub@dogbiscuit.org>
michael.tamm2 = Michael Tamm <michael.tamm2@gmail.com>
mikemelia = Mike Melia <mikemelia@gmail.com>
mikeroberts = Mike Roberts <mike.b.roberts@gmail.com>
miki.tebeka = Miki Tebeka <miki.tebeka@gmail.com>
mmelia = Mike Melia <mikemelia@gmail.com>
mpurland = mpurland <mpurland@example.com>
nirvdrum = Kevin Menard <nirvdrum@nirvdrum@gmail.com>
noel.gordon = Noel Gordon <noel.gordon@gmail.com>
PaulHammant = Paul Hammant <PaulHammant@gmail.com>
paul = paul <paul@example.com>
perryn = Perryn Fowler <pezlists@gmail.com>
ph7 = Philippe Hanrigou <philippe.hanrigou@gmail.com>
phammant = Paul Hammant <phammant@gmail.com>
philippe.hanrigou = philippe.hanrigou <philippe.hanrigou@gmail.com>
plightbo = Patrick Lightbody <plightbo@gmail.com>
pollet.kevin = pollet.kevin <pollet.kevin@gmail.com>
pydi.chandra = pydi.chandra <pydi.chandra@gmail.com>
rchatley@gmail.com = rchatley@gmail.com <rchatley@gmail.com>
rchatley = rchatley <rchatley@gmail.com>
redsquirrel = Dave Hoover <dave.hoover@gmail.com>
rinkrank = Aslak Hellesoy <aslak.hellesoy@gmail.com>
rwilcox = Ryan Wilcox <rwilcox@thoughtworks.com>
saikia = saikia <saikia@gmail.com>
Samit.Badle@gmail.com = Samit Badle <Samit.Badle@gmail.com>
Samit.Badle@googlemail.com = Samit.Badle@googlemail.com <Samit.Badle@gmail.com>
santiycr = Santiago Suarez Ordoñez <santiycr@gmail.com>
shin = shin <shin@example.com>
shinya = Shinya Kasatani <shinya@example.com>
simon.m.stewart = Simon M Stewart <simon.m.stewart@gmail.com>
simonstewart  = Simon M Stewart  <simon.m.stewart@gmail.com>
sproul = Nelson Sproul <nsproul@bea.com>
stuidge@gmail.com = stuidge@gmail.com <stuidge@gmail.com>
theautomatedtester = Davis Burns <david.burns@theautomatedtester.co.uk>
wpc = wpc <wpc@example.com>
zsong = zsong <zsong@example.com>
